,n1,n4,n31,n54,n105,n114,n163,n188,n215,n229,n288,n296,n332,n342,n410,n415,n429,n458,n469,n495,n506,n516,n519,n549,n613,n636,n644,n679,n722,n726,n740,n752,n769
n218,0.0013782845810609893,0.0013634110064452052,0.0013634110064452015,0.22476945959345568,0.07724838869608332,0.08843331680713953,0.18115518096182473,0.177025285076847,0.0,0.23321269211700546,0.1319682697074863,0.08542389687654932,0.10846306395637091,0.23375805651958342,0.2270401586514626,0.175785820525533,0.22879028259791764,0.1958899355478434,0.07679226574119993,0.05964799206742672,0.08867129400099161,0.10609816559246406,0.16498264749628158,0.12406048587010426,0.19641051065939508,0.1887952404561228,0.18447694595934575,0.1387853247397125,0.095032226078334,0.11647496281606344,0.05013882002974689,0.11836390679226583,0.08821517104610813
n219,0.0013832424392662454,0.0013683688646504524,0.0013733267228557174,0.22761527020327224,0.07997521070897372,0.09152702032721884,0.18817550818046636,0.1842935052057514,0.0,0.2332870599900842,0.13142290530490816,0.08486365889935546,0.11236489836390684,0.24690133862171532,0.22953396132870602,0.17976202280614775,0.23072880515617247,0.2028011898859693,0.079474467030243,0.06176499752107065,0.09193356470004967,0.10988596926127905,0.17026772434308388,0.12886465047099674,0.20539414972731782,0.18721864154685164,0.18400594942984647,0.1379970252850769,0.09451165096678217,0.1158353991075855,0.04982647496281581,0.11775409023301942,0.08782845810609821
n220,0.0012295488349033238,0.0012394645513138219,0.0012097174020822888,0.20829449677739226,0.07196331184928118,0.08250867625185941,0.16874566187407047,0.16485870104115025,0.0,0.23911750123946449,0.1362568170550322,0.08850768468021822,0.10100148735746159,0.21721864154685183,0.21048587010411499,0.163336638572137,0.2121368368864651,0.1823351512146754,0.07168567178978702,0.055642042637580436,0.0827069905800694,0.09901338621715418,0.1536341100644522,0.11559246405552824,0.18299454635597423,0.1957659890927119,0.18987109568666344,0.14333663857213685,0.09817055032226069,0.12004462072384728,0.0516757560733761,0.12202280614774429,0.0908676251859197
n221,0.0012840852751611338,0.0012890431333663758,0.0012741695587506058,0.21300446207238485,0.0739117501239465,0.08468021814576127,0.17306891422905313,0.16926127912741698,0.0,0.26901338621715415,0.14478433316807157,0.09166584035696582,0.10376797223599403,0.22368864650471,0.21517600396628656,0.16712444224095208,0.21654437283093703,0.18688150718889454,0.07343579573624216,0.05686663361427848,0.0849479424888448,0.1013088745661874,0.1573078829945464,0.11859196826970766,0.18806643529995046,0.1964600892414477,0.2089489340604859,0.15033713435795729,0.10313832424392658,0.12693108577094706,0.053911750123946264,0.12931085770946976,0.09639563708477925
n222,0.001298958849776902,0.0013039167079821423,0.0012840852751611145,0.21391670798215184,0.07424392662369861,0.08508180466038695,0.17394645513138332,0.1700545364402578,0.0,0.2728953891918691,0.14454139811601402,0.09162617749132375,0.10421913733267228,0.22492811105602384,0.21615270203272183,0.16780366881507208,0.21752602875557753,0.18776400594942994,0.07375805651958373,0.05711948438274651,0.08531978185423895,0.10184432325235498,0.15811601388200294,0.1191522062469015,0.18901834407535945,0.19659890927119483,0.20837878036688154,0.1501933564700049,0.10304908279623198,0.12675260287555787,0.05385721368368845,0.1291075855230543,0.09628160634605838
n223,0.001150223103619242,0.0011155180961824492,0.0010907288051561423,0.1905205751115518,0.06644025780862681,0.07615765989092732,0.155334655428855,0.15192364898363925,0.0,0.23836390679226585,0.17253842340109066,0.1000743678730787,0.09321269211700564,0.19979672781358454,0.19249876053544868,0.14992067426871608,0.19369360436291502,0.1675954387704512,0.06607833415964322,0.051313832424392566,0.07634110064452175,0.09119980168567167,0.14133366385721371,0.10672285572632627,0.16863658899355458,0.18541893901834403,0.28294992563212695,0.1707387208725829,0.11725334655428821,0.147887952404561,0.060773425880019584,0.1523401090728807,0.11295984134853751
n224,0.0011353495290034753,0.001090728805156174,0.0010808130887456336,0.18520575111551818,0.06486365889935564,0.07433812592959864,0.15117005453644053,0.1477689638076353,0.0,0.23076351016360927,0.18877045116509658,0.1059494298463063,0.09071888943976217,0.1941051065939515,0.18715914724838872,0.14570649479424896,0.18851760039662843,0.16307387208725838,0.06432325235498279,0.04986613782845804,0.07428854734754604,0.0888993554784332,0.13748140803173034,0.10379276152702034,0.1642042637580564,0.18437283093703516,0.2998710956866634,0.18240951908775385,0.12588497768963777,0.16028755577590473,0.06509172037679695,0.16566683192860712,0.12268715914724833
n225,0.001070897372335153,0.0010659395141299022,0.001031234506693076,0.18153693604362928,0.06366881507188908,0.07289538919186936,0.14828953891918717,0.1451313832424395,0.0,0.22545364402578083,0.20222112047595434,0.1102429350520574,0.08896876549330708,0.19009915716410514,0.1833763014377789,0.14296975706494797,0.18470996529499242,0.15999504214179477,0.0632325235498266,0.04892910262766479,0.07290034705007455,0.08707982151710446,0.13484382746653453,0.10191373326722852,0.16088249876053537,0.18349033217649977,0.30266236985622225,0.19154685176003966,0.13262270699057976,0.17020823004462074,0.0684928111056021,0.17652454139811613,0.1307238472979672
n228,0.0010609816559246426,0.00105602379771939,0.001031234506693076,0.17891422905304924,0.06276648487853259,0.07181953396132894,0.14623202776400615,0.143123450669311,0.0,0.22188398611799706,0.19320277640059488,0.10749628160634594,0.08782350024789307,0.18748636588993567,0.180951908775409,0.14114526524541404,0.18203272186415462,0.15766980664352997,0.06231036192364906,0.048264749628160575,0.07192860684184454,0.0858998512642537,0.13304412493802684,0.10055032226078331,0.15878036688150712,0.18144273673772937,0.3123748140803172,0.1889043133366385,0.12834903321764962,0.1642439266236985,0.06620723847297938,0.16939514129895905,0.12532473971244418
n230,0.000996529499256322,0.0009915716410510696,0.0009766980664352711,0.16678235002478922,0.058239960337134446,0.06687654933068936,0.1359742191373327,0.13291522062469022,0.0,0.19302429350520572,0.14829945463559754,0.1054883490332176,0.08168567178978695,0.17365394149727334,0.16862667327714428,0.1313534952900348,0.16982151710461085,0.14661378284581075,0.05805156172533476,0.04510163609320772,0.06705007436787312,0.07999504214179459,0.12379276152702043,0.09357957362419433,0.14740208230044624,0.2400049578582053,0.17590480912245923,0.16517104610808128,0.11253842340109053,0.1340158651462569,0.05959841348537407,0.13452156668319312,0.10063956370847782
n232,0.0010907288051561757,0.0010659395141299022,0.0010510659395140968,0.1845860188398612,0.06463559742191387,0.0741001487357464,0.15076846802181487,0.14735746157659915,0.0,0.22931581556767472,0.19340604858701035,0.1079672781358452,0.09041150223103639,0.19333663857213687,0.18637084779375312,0.14523549826474966,0.18764997521070875,0.16242439266236985,0.06418939018344094,0.04975706494794241,0.07406544372830952,0.08852255825483381,0.1369558750619733,0.1033812592959841,0.16357461576598897,0.18506693108577088,0.35836886465047096,0.18753594447198801,0.12856717897868083,0.16426871591472475,0.06634605850272653,0.16961328705999032,0.12560237977193847
n235,0.0011303916707982192,0.001090728805156174,0.0010708973723351214,0.18665840356965796,0.06533465542885487,0.07489340604858724,0.15235002478929133,0.14889439762022832,0.0,0.2317302925136341,0.20120475954387698,0.11093207734258792,0.09143282102131897,0.19550818046603874,0.18856717897868122,0.14696083292017859,0.18989588497768942,0.16429350520575117,0.06489836390679245,0.05031234506693102,0.07485870104115037,0.08953396132870592,0.13849776896380764,0.10461080813088747,0.16547347545860175,0.18791274169558742,0.327709469509172,0.19273177987109574,0.13283589489340575,0.1699950421417948,0.06863658899355451,0.17595934556271703,0.1303470500743678
n238,0.0011254338125929648,0.0010758552305404109,0.0010808130887456301,0.18540902330193362,0.06487357461576611,0.07435299950421442,0.15143777887952434,0.1479226574119983,0.0,0.23028755577590476,0.19965790778383735,0.11018344075359433,0.09077838373822526,0.19414972731779875,0.18727317798710957,0.1458948934060486,0.18849776896380743,0.1631879028259792,0.06444224095190895,0.04996529499256314,0.07441745166088264,0.08888943976202272,0.13752107089737234,0.10383738225086764,0.16424392662369844,0.18651958353991066,0.3253644025780862,0.191417947446703,0.13188398611799668,0.16882002974714924,0.06818542389687628,0.1748190381755083,0.12945463559742187
n239,0.001125433812592963,0.0010758552305404109,0.0010560237977193477,0.18492811105602389,0.06468021814576116,0.074189390183441,0.15103619236489865,0.14760039662865668,0.0,0.22917699553792756,0.2107238472979673,0.11427863163113529,0.09055528011898878,0.19363906792265745,0.1866831928606842,0.1454635597421914,0.18790778383738208,0.1627119484382747,0.06427367377293026,0.04981655924640549,0.07423401090728819,0.08867625185919673,0.13715418939018348,0.10360932077342588,0.16382746653445704,0.18775904809122448,0.313361427863163,0.1988051561725335,0.13782350024789278,0.1771839365394149,0.0710708973723349,0.18391175012394648,0.13613782845810599
n240,0.0009072880515617245,0.000877540902330202,0.0008874566187406755,0.15727813584531472,0.055453644025780936,0.06367377293009438,0.12896876549330688,0.12614774417451646,0.0,0.1918740704015867,0.2123202776400596,0.11378780366881504,0.07749628160634613,0.16422905304908286,0.1588448190381755,0.12415468517600413,0.1598562221120477,0.13881011403073878,0.05515121467526038,0.04269211700545367,0.06368864650470996,0.07607337630143768,0.11727813584531473,0.08889439762022816,0.13995537927615276,0.17041646008924166,0.2581705503222608,0.2123401090728804,0.13893406048586998,0.18009915716410504,0.07125929598413466,0.18568666336142792,0.13697570649479407
n241,0.001060981655924641,0.0010659395141299022,0.0010262766484878181,0.18235498264749633,0.06392662369856233,0.07322756569162145,0.1488844819038178,0.14579077838373847,0.0,0.22570649479424884,0.2191968269707488,0.11691621219633119,0.08934556271690647,0.19088745661874074,0.184194348041646,0.1435845314823996,0.18549330689142274,0.16066435299950424,0.06349033217649988,0.04919682697074857,0.07327714427367395,0.08753594447198797,0.135473475458602,0.10230044620723845,0.16160634605850266,0.1869806643529994,0.3053098661378286,0.20420426375805648,0.14200793257312833,0.1836192364898362,0.07303916707982137,0.19095190877540918,0.14131383242439255
n244,0.0009172037679722367,0.0008924144769459685,0.0008824987605354246,0.16351512146752603,0.057530986613782906,0.06600396628656441,0.13409023301933568,0.13128904313336645,0.0,0.19972731779871108,0.25688646504709967,0.12770946950917206,0.08070401586514639,0.17091720376797245,0.16525532969757067,0.1293108577094696,0.16640555280118985,0.1446157659890928,0.05734754586018847,0.044362915220624605,0.06625185919682704,0.07904313336638565,0.12210708973723353,0.09239960337134354,0.14556271690629655,0.17695091720376813,0.2654387704511652,0.2267526028755578,0.16005453644025755,0.21055528011898852,0.0818691125433812,0.22127416955875054,0.16317302925136354
n245,0.000872583044124937,0.000842835894893411,0.0008130887456618391,0.15052553296975707,0.05336638572136841,0.061090728805156314,0.12362419434804178,0.12120475954387701,0.0,0.18263758056519588,0.21788795240456146,0.1169806643529995,0.07446207238472985,0.15703520079325722,0.15212692117005452,0.11898859692612812,0.15312840852751605,0.13314328210213186,0.05289043133366395,0.04102131879028266,0.061011403073871984,0.07286068418443223,0.11258800198314324,0.0852156668319288,0.13415964303420916,0.16867129400099176,0.23902825979176984,0.22601388200297473,0.14316311353495279,0.18612295488349007,0.07302429350520565,0.19117501239464557,0.1406693108577093
n248,0.0008378780366881479,0.0008130887456618849,0.000768468021814543,0.13709469509172056,0.04838373822508678,0.05547843331680727,0.11232027764005961,0.109881011403074,0.0,0.16004957858205263,0.15199801685671785,0.11324739712444216,0.06767476450173521,0.1425632126921171,0.13865642042637588,0.10831928606841856,0.1396331184928112,0.12099652949925639,0.0480862667327715,0.03735250371839395,0.05548339117501228,0.06622706990580071,0.10218641546851762,0.07733267228557275,0.12180466038671295,0.1925979176995536,0.16253346554288542,0.174819038175508,0.11851264253842304,0.13901338621715412,0.06292513634110031,0.13878532473971272,0.10403569657907774
n249,0.0008378780366881479,0.0008130887456618849,0.0007882994546355603,0.13915220624690156,0.04912245909766981,0.05638076351016378,0.11430837878036702,0.11176995537927625,0.0,0.1658502726822015,0.21291026276648498,0.12102131879028266,0.06880019831432818,0.1448735746157661,0.14054040654437286,0.1101487357461579,0.1415815567674764,0.12294496777392165,0.048899355478433354,0.03788795240456149,0.05642042637580552,0.06748140803173024,0.10381259295984134,0.07872087258304426,0.12395141298958841,0.17030738720872604,0.20268715914724836,0.26698066435299955,0.14565691621219615,0.1877838373822508,0.07426871591472473,0.18958849776896394,0.13940505701536923
n250,0.0008279623202776392,0.0007932573128408605,0.0007684680218145394,0.13874070401586533,0.04900842835894895,0.05622211204759561,0.11399603371343593,0.11150223103619247,0.0,0.16542389687654954,0.2153594447198811,0.1216261774913238,0.06858701041150222,0.14456122954883505,0.14016360932077349,0.10985622211204782,0.141204759543877,0.12260287555775906,0.04875557759048095,0.03775409023301961,0.056236985622211084,0.06729796727813582,0.10352999504214179,0.07851760039662879,0.12361427863163106,0.16967278135845335,0.20224590976698062,0.27600892414476946,0.14689638076350997,0.1899851264253842,0.07480912245909759,0.19166088249876076,0.14079821517104604
n252,0.0008824987605354457,0.0008428358948934145,0.0008477937530986336,0.15472483886960825,0.05474962816063465,0.06286564204263778,0.12714427367377296,0.12427367377292993,0.0,0.18786812097174038,0.24330193356470012,0.12407040158651467,0.07652949925632134,0.16161626177491326,0.15631135349529,0.12231531978185442,0.1572880515617254,0.1367526028755579,0.05443232523549833,0.0421665840356966,0.0627714427367377,0.07491819533961318,0.11557263262270691,0.08768468021814589,0.13777392166584035,0.17155676747645038,0.2468418443232523,0.23025780862667325,0.15447694595934536,0.20239464551313827,0.07891422905304898,0.21056519583539918,0.15520575111551832
n258,0.0008824987605354475,0.000842835894893411,0.0008329201784828636,0.15519087754090224,0.05485374318294502,0.06297967278135864,0.1274814080317303,0.12457114526524525,0.0,0.18832424392662386,0.2381953396132871,0.123222607833416,0.0767129400099158,0.162117005453644,0.1567228557263262,0.12272186415468536,0.15774913237481414,0.13713435795736256,0.054571145265245494,0.042260783341596435,0.06289538919186909,0.07513634110064442,0.11589489340604853,0.08789291026276662,0.1381903817550818,0.17256817055032247,0.2469062964799206,0.23215171046108088,0.15284085275161113,0.1999157164105106,0.07814080317302917,0.20691125433812618,0.15260287555775925
n259,0.0008676251859196827,0.000842835894893411,0.0008329201784828636,0.15535448686167566,0.05490332176499757,0.06303916707982171,0.1276202280614775,0.1247446703024292,0.0,0.18855230540406562,0.2384382746653446,0.12336142786316313,0.07679722359940515,0.1622706990580069,0.1568517600396628,0.12283093703520097,0.15795736241943487,0.137317798710957,0.05464551313832432,0.04229548834903322,0.0629846306395637,0.07520575111551799,0.11602875557759042,0.08796727813584543,0.1383143282102132,0.17275161130391692,0.24719881011403075,0.23241943480416463,0.152974714923153,0.20009915716410503,0.0782052553296975,0.20713435795736262,0.15275161130391696
n335,0.0016410510659395153,0.001611303916707954,0.0015418939018343862,0.2576945959345565,0.08241447694595937,0.09426871591472502,0.19197818542389716,0.18591472483886992,0.0,0.22987109568666336,0.1302181457610311,0.0842042637580565,0.11564700049578581,0.23665840356965775,0.26247397124442245,0.1947496281606348,0.26564204263758046,0.20997025285076845,0.08189390183440755,0.06380763510163584,0.09461576598909287,0.11258800198314314,0.17886960832920193,0.13174020823004476,0.20417451660882496,0.1860386712940009,0.1820128904313339,0.13680713931581556,0.09381259295984118,0.11479920674268712,0.04945463559742166,0.1167327714427368,0.08705007436787318
n338,0.001403073872087268,0.001383242439266219,0.0014080317302924976,0.23266732771442739,0.08484382746653443,0.09725334655428876,0.20023797719385245,0.19720872583044136,0.0,0.22128904313336645,0.1250024789291025,0.08072880515617246,0.11926127912741694,0.2711551809618244,0.23303420922161622,0.18705999008428378,0.23354486861675758,0.2147545860188399,0.0843629152206247,0.0654189390183438,0.09746653445711473,0.11669806643529969,0.1790629647992069,0.136891422905305,0.2213634110064453,0.17809618244918213,0.17488349033217668,0.13122954883490345,0.09012890431333641,0.11007932573128412,0.0471789786812094,0.11200297471492314,0.08353991075855242
n339,0.0014625681705503343,0.0014675260287555568,0.0014526524541397974,0.24550818046603873,0.08924640555280113,0.10240456122954911,0.21125433812592964,0.20785820525532975,0.0,0.23357461576598904,0.13169558750619725,0.08515617253346552,0.1256073376301437,0.2867178978681209,0.2459543877045117,0.1973574615765991,0.24656420426375797,0.22633118492811105,0.08881507188894393,0.06893901834407502,0.10282597917699565,0.12294000991571627,0.18886960832920183,0.14432325235498278,0.23344571145265253,0.18782350024789277,0.18442240951908795,0.13837382250867628,0.09485870104115007,0.11612791274169555,0.050009915716410246,0.1181556767476451,0.08801189885969264
n341,0.0014774417451660974,0.001452652454139794,0.0014427367377292887,0.24346554288547356,0.09487853247397131,0.10859692612791301,0.22482399603371364,0.2254784333168072,0.0,0.22154189390183446,0.1254090233019334,0.08094695091720369,0.13356470004957868,0.28586018839861177,0.24285076846802184,0.20140803173029273,0.2427912741695587,0.23680713931581546,0.09432821021318796,0.07296479920674243,0.10907783837382265,0.13095190877540916,0.19684680218145764,0.1541893901834408,0.2614923153197819,0.17844819038175527,0.17522062469013408,0.13147744174516618,0.09034209221616239,0.11038175508180469,0.04722855726326196,0.11224095190877538,0.08363906792265755
n342,0.0014377788795240536,0.0014377788795240272,0.0014526524541398009,0.2408230044620724,0.08812097174020819,0.10097174020823026,0.20902825979176995,0.20522558254833909,0.0,0.21582052553296985,0.12214675260287541,0.07900842835894886,0.12417451660882489,0.30242439266237,0.24006445215666833,0.19438770451165116,0.23979672781358458,0.22485374318294502,0.08761527020327217,0.06801189885969226,0.10154685176003975,0.12155180961824476,0.18660386712940014,0.14272186415468524,0.22948934060485876,0.17378284581061004,0.17095190877540908,0.1283044124938028,0.0880466038671291,0.10775904809122466,0.04607337630143742,0.10952900347050075,0.0816807139315817
n466,0.0014774417451660937,0.0014675260287555568,0.0014526524541397974,0.24350024789291025,0.08819038175508175,0.10104115022310382,0.20936043629152212,0.20459593455627167,0.0,0.20855726326227084,0.11826474962816065,0.07653445711452656,0.1242042637580564,0.279633118492811,0.2417451660882499,0.19588993554784348,0.24086266732771444,0.2267228557263263,0.08769955379276155,0.06799206742687125,0.10154189390183449,0.12139811601388187,0.1874714923153198,0.14250371839365403,0.22657411998016874,0.16813584531482423,0.16513634110064446,0.12401586514625695,0.08517104610808099,0.10428358948934073,0.044581060981655554,0.10599900842835905,0.07905304908279634
n467,0.0014774417451660954,0.0014724838869608148,0.0014377788795240343,0.24232027764005945,0.08825979176995531,0.10105106593951434,0.20936539414972738,0.20507188894397618,0.0,0.21209221616261786,0.12006941001487355,0.07774913237481405,0.12431333663857203,0.2901239464551313,0.24107089737233517,0.1953445711452654,0.24041150223103624,0.22598909271194853,0.08767972235994051,0.06803173029251329,0.10163609320773434,0.121536936043629,0.18713435795736238,0.14274665344571155,0.22815567674764517,0.17098661378284605,0.16790778383738222,0.12601388200297484,0.0865344571145262,0.10594942984630648,0.0452850768468018,0.10775904809122469,0.08034705007436801
n627,0.0013039167079821564,0.001298958849776888,0.001298958849776881,0.2165195835399109,0.07477937530986618,0.0856420426375808,0.17511650966782363,0.1709419930589985,0.0,0.23612295488349033,0.13401090728805148,0.08689142290530494,0.10487853247397122,0.22569162121963307,0.21891422905304905,0.16953891918691139,0.22056519583539905,0.18911254338125938,0.07427863163113554,0.05752107089737218,0.08587010411502229,0.10235002478929105,0.15949429846306393,0.12000991571641069,0.18990580069410018,0.19220128904313327,0.18705007436787327,0.1410510659395142,0.09667327714427354,0.11820525532969754,0.05090728805156148,0.12013386217154201,0.08940505701536942
n628,0.0014377788795240554,0.0014179474467030063,0.00143282102131878,0.23596926127912743,0.07902825979177,0.09029251363411027,0.18499256321269236,0.18011403073872115,0.0,0.23216658403569657,0.13133862171541885,0.08492315319781853,0.11086266732771448,0.23471988101140298,0.23913237481408028,0.18223103619236497,0.2413832424392662,0.2006445215666832,0.07841348537431839,0.06108577094695071,0.09063460585027273,0.10834903321764992,0.16989588497768968,0.12659395141298976,0.1990133862171541,0.18782350024789282,0.18352503718393676,0.13808130887456624,0.09452652454139794,0.11577590480912245,0.04985622211204734,0.11771938522558262,0.0877739216658404
n629,0.0015220624690133898,0.0015220624690133653,0.0014923153197818357,0.24696083292017845,0.08065443728309371,0.09223103619236508,0.18856717897868147,0.18289043133366417,0.0,0.2309667823500248,0.13076846802181447,0.08453644025780863,0.11314823996033718,0.2357263262270698,0.2509667823500248,0.1885275161130394,0.25355974219137317,0.20542885473475456,0.08010411502231043,0.0624690133862169,0.09266236985622223,0.11043629152206237,0.17430837878036703,0.12918691125433832,0.20160138820029735,0.1869112543381258,0.18268220128904333,0.1373525037183937,0.09415468517600378,0.11523054040654432,0.04964799206742661,0.11716410510659402,0.08735250371839373
n630,0.0013584531482399701,0.0013287059990084176,0.0013485374318294315,0.22176003966286567,0.07741199801685673,0.08862171541893923,0.18178482895389214,0.17790282597917717,0.0,0.24849776896380774,0.13693604362915218,0.08799206742687164,0.10871095686663369,0.23704511650966772,0.22382250867625186,0.174814080317303,0.22524541398116002,0.19620723847297972,0.07694100148735761,0.05975210708973707,0.08887456618740706,0.10643034209221615,0.16482895389191865,0.12446207238472992,0.19795240456122942,0.1918641546851759,0.19373822508676244,0.143242439266237,0.09829449677739208,0.12039167079821511,0.051556767476449966,0.12247397124442252,0.09126425384234013
n631,0.0013931581556767558,0.0013683688646504558,0.0013931581556767348,0.23047595438770452,0.08274665344571147,0.09476945959345584,0.19472979672781385,0.19122954883490356,0.0,0.22668815071888945,0.1277640059494297,0.08254338125929594,0.11622211204759544,0.25993554784333167,0.23148239960337133,0.18403569657907798,0.23229053049082796,0.20929598413485373,0.08223599405057018,0.06378284581060957,0.09509667823500265,0.1136192364898362,0.17496777392166601,0.13325235498264765,0.21405552801189895,0.18205751115518104,0.17897372335151238,0.13422409519087763,0.09218145761031216,0.11263758056519581,0.04833911750123918,0.1144571145265245,0.08536936043629166
n632,0.0012047595438770486,0.0012097174020822888,0.0011601388200297312,0.20209717402082292,0.06985126425384244,0.08014873574615788,0.16382746653445726,0.16019335647000504,0.0,0.23219137332672288,0.13806643529995039,0.09091720376797228,0.09814080317302933,0.21069410014873577,0.20434804164600892,0.15864650470996552,0.20575111551809627,0.1769856222112048,0.0695488349033219,0.054124938026772325,0.08038671294000999,0.09608329201784821,0.14920674268715922,0.11250371839365406,0.1778284581060981,0.20611303916708,0.18775904809122473,0.14652949925632114,0.10042637580565189,0.12202776400594938,0.05273177987109551,0.12392166584035715,0.09238472979672784
n633,0.0011948438274665381,0.0011650966782349962,0.0011353495290034453,0.1957312840852751,0.06789786812097184,0.07778383738225111,0.15877045116509686,0.15523549826474975,0.0,0.22509667823500254,0.13988101140307385,0.09349033217649977,0.09532473971244432,0.2040456122954884,0.19782845810609814,0.15364402578086284,0.19930094199305898,0.17151710461080816,0.06750123946455146,0.05255329697570638,0.07798215171046122,0.09300446207238464,0.14461080813088756,0.1089340604858702,0.1722012890431332,0.2167575607337631,0.1855726326227072,0.14985622211204744,0.1027020327218641,0.12435299950421415,0.053891918691125244,0.12580069410014888,0.09407535944471987
n634,0.001150223103619242,0.0011303916707982157,0.0011105602379771666,0.18902825979176993,0.0658106098165594,0.0754288547347548,0.15356470004957878,0.14997025285076865,0.0,0.21752107089737252,0.14181953396132874,0.09633614278631623,0.09211204759543892,0.19700049578582063,0.1910758552305404,0.14850768468021833,0.19250867625185908,0.1657114526524541,0.0652900347050076,0.05069905800694091,0.07557759048091242,0.0902578086266731,0.1398909271194844,0.10553296975706501,0.1666088249876051,0.22787803668815068,0.1834556271690632,0.1534308378780366,0.10489340604858693,0.1265790778383738,0.05513138324243904,0.12795736241943498,0.09548834903321755
n635,0.0010808130887456635,0.0010708973723351565,0.0010609816559246092,0.18198810114030747,0.0634407535944473,0.07256321269211727,0.14791274169558777,0.14467030242935078,0.0,0.20972235994050586,0.14377788795240462,0.09918691125433803,0.08876053544868635,0.18943976202280627,0.1838968765493307,0.14304412493802685,0.18530490827962304,0.1595785820525533,0.06294496777392178,0.0486712940009915,0.0725532969757067,0.08690629647992053,0.1345314823996034,0.10164105106593949,0.16032226078334152,0.23971244422409524,0.1810213187902828,0.15703024293505202,0.10733763014377776,0.12887952404561234,0.056564204263757786,0.12997521070897392,0.09716906296479906
n636,0.0010461080813088778,0.0010510659395141357,0.001001487357461543,0.17464055528011915,0.06068418443232534,0.0697223599405059,0.1420525532969758,0.13887952404561243,0.0,0.201531978185424,0.1461378284581062,0.10215171046108075,0.0852255825483393,0.18177491323748157,0.17641051065939517,0.137104610808131,0.17773921665840348,0.1533019335647002,0.06042141794744681,0.04685671789786804,0.06978681209717419,0.0833862171541892,0.12929598413485394,0.09752107089737228,0.15404065443728313,0.25223599405057034,0.1783639067922659,0.1610461080813089,0.10981160138820013,0.13133366385721373,0.05806643529995013,0.13229053049082815,0.09884977689638062
n637,0.0013237481408031793,0.0013039167079821423,0.0013039167079821354,0.21640059494298478,0.07516113039167084,0.08604362915220648,0.17600396628656437,0.17189390183440753,0.0,0.3253544868616758,0.14617749132374827,0.0927416955875062,0.10534457114526526,0.22752107089737225,0.21863163113534947,0.16991075855230553,0.22028755577590478,0.18998016856717903,0.07457610312345085,0.0577739216658402,0.08621715418939016,0.10285572632622708,0.16003470500743677,0.12060981655924656,0.19107089737233515,0.19901338621715414,0.21067922657411994,0.1519732275656916,0.10427367377293005,0.12818046603867136,0.054442240951908596,0.13054536440257833,0.09733763014377779
n638,0.001318790282597925,0.0013039167079821423,0.0012940009915716267,0.21901338621715424,0.07591472483886964,0.08697074863658923,0.17786812097174037,0.17391175012394655,0.0,0.3880862667327715,0.14786812097174032,0.09375309866137829,0.10656916212196334,0.23017848289538906,0.22116013882002972,0.17189390183440761,0.22278631631135343,0.1922112047595439,0.07547843331680733,0.05845810609816542,0.08727813584531478,0.10410014873574616,0.16185423896876547,0.12203767972236011,0.1932969757064948,0.2012196331184928,0.21305404065443717,0.1536291522062469,0.10544868616757552,0.12954883490332186,0.05503222607833395,0.13208725830441276,0.09826970748636576
n639,0.0013287059990084336,0.0013088745661873967,0.001318790282597902,0.2215865146256817,0.0766633614278632,0.08786812097174046,0.17981655924640577,0.17589985126425403,0.0,0.450832920178483,0.14940009915716418,0.094853743182945,0.10768963807635107,0.23294496777392157,0.2238175508180466,0.1738671294000992,0.225185919682697,0.19435299950421417,0.07626673277144289,0.0591720376797222,0.08812097174020823,0.10535448686167576,0.16367377293009414,0.12328210213187915,0.1954040654437283,0.20350024789291027,0.21542389687654923,0.15529003470500746,0.10658899355478423,0.1309370352007934,0.05564700049578561,0.13353991075855254,0.09930094199305885
n640,0.0013634110064452262,0.0013336638572136684,0.0013534952900346965,0.22389191869112546,0.07746653445711456,0.08872087258304431,0.18175012394645537,0.1777937530986616,0.0,0.5283936539414973,0.1509419930589985,0.09588497768963804,0.10875557759048096,0.2355032226078333,0.22631135349529005,0.1756717897868121,0.22777392166584026,0.19637084779375305,0.07705007436787321,0.05988596926127895,0.08902825979176998,0.10643529995042142,0.1653247397124442,0.12448190381755096,0.19767972235994047,0.20564204263758065,0.21796727813584524,0.1569459593455627,0.10765493306891408,0.13245413981160148,0.05627169062964775,0.134908279623203,0.10042637580565178
n641,0.0013882002974715014,0.001348537431829435,0.0013683688646504595,0.22649479424888455,0.07836390679226578,0.08956866633614297,0.18389687654933096,0.17963311849281136,0.0,0.603296975706495,0.15270203272186403,0.09691125433812584,0.10995537927615277,0.2380912245909766,0.22875061973227567,0.17754090233019332,0.23046108081308866,0.1986316311353495,0.07777887952404572,0.06055032226078317,0.08993058998512644,0.10767972235994047,0.16716410510659396,0.12587506197322773,0.1996380763510163,0.20782845810609837,0.22014377788795234,0.1586365889935548,0.10865146256817042,0.13374318294496784,0.05691621219633094,0.13617749132374835,0.1015220624690132
n642,0.0011254338125929648,0.001105602379771937,0.001085770946950888,0.18714923153197818,0.06542389687654947,0.07500743678730812,0.15277640059494327,0.1492265741199804,0.0,0.23355478433316804,0.17999008428358956,0.10272186415468507,0.09159147248388712,0.19617253346554292,0.18901834407535945,0.14730292513634122,0.1904809122459096,0.16462568170550326,0.06494794248884499,0.050356965790778314,0.07514129895884995,0.0896876549330688,0.13882002974714924,0.10481408031730297,0.16586514625681692,0.1844868616757561,0.33992067426871597,0.17632126921170027,0.12126425384233971,0.15371839365394135,0.06268715914724808,0.1583837382250871,0.11752107089737235
n643,0.0011204759543877087,0.0010956866633614318,0.0010808130887456336,0.18590480912245913,0.0650570153693606,0.07462568170550345,0.15181457610312374,0.1483292017848292,0.0,0.23179970252850768,0.18467030242935048,0.10449677739216649,0.09107585523054057,0.19492315319781858,0.1878284581060982,0.14632126921170063,0.18920674268715895,0.16369360436291525,0.06457114526524557,0.05005949429846299,0.07460089241447712,0.08920178482895379,0.13794744670302433,0.1041398116013882,0.16490332176499736,0.18446207238472978,0.3894843827466535,0.18024789291026252,0.12361427863163076,0.15724838869608318,0.06392662369856195,0.16222112047595466,0.12026276648487846
n644,0.0011303916707982192,0.0010956866633614318,0.001085770946950888,0.1852900347050075,0.06486861675756088,0.07435299950421442,0.15132870599900872,0.14791274169558777,0.0,0.23069410014873573,0.1887506197322756,0.10614774417451651,0.09075855230540424,0.19416955875061978,0.1871591472483887,0.1457957362419435,0.18841844323252332,0.1631085770946951,0.06441745166088267,0.049905800694100076,0.07440753594447215,0.08889439762022795,0.13747149231531977,0.10381259295984134,0.1642290530490827,0.18475954387704505,0.4475260287555778,0.18363906792265727,0.12607337630143742,0.1603867129400098,0.06513634110064424,0.1657213683688649,0.12264749628160632
n645,0.0011601388200297524,0.0011056023797719405,0.0011056023797719123,0.18670302429350522,0.06527516113039182,0.07488349033217676,0.15248388696083318,0.14896876549330712,0.0,0.23305899851264253,0.1782994546355975,0.10203272186415457,0.09141298958849792,0.19574615765989098,0.18857709469509173,0.14689142290530505,0.19003470500743663,0.16429846306395643,0.06479920674268731,0.05022310361923641,0.07494298463063973,0.0895389191869111,0.13855726326227072,0.10459593455627171,0.16559742191373308,0.18391175012394648,0.290173525037184,0.17531482399603343,0.1203024293505202,0.15235994050570137,0.06218145761031206,0.15674268715914758,0.11648983639067927
n646,0.001120475954387707,0.0010808130887456652,0.0010808130887456301,0.18471988101140316,0.06467526028755591,0.07405057015369383,0.15071393158155705,0.14740704015865166,0.0,0.23015865146256811,0.18183440753594451,0.1033168071393157,0.09042637580565212,0.19352999504214186,0.18660386712940014,0.14529003470500748,0.18786316311353476,0.16261774913237487,0.06416955875061987,0.04970748636588987,0.0741150223103621,0.08863658899355467,0.13707982151710463,0.10351512146752602,0.16361427863163103,0.1831879028259792,0.29646008924144773,0.17843331680713903,0.12205751115518057,0.15519583539910753,0.06311849281110532,0.15994546355974254,0.11857709469509169
n647,0.00109568666336143,0.0010708973723351565,0.0010510659395140968,0.18320773425880024,0.06420426375805666,0.07347545860188423,0.14955875061973253,0.14636588993554805,0.0,0.22804660386712935,0.184913237481408,0.10439762022806139,0.0897322756569164,0.19200297471492322,0.18524541398116012,0.14426871591472484,0.18647496281606327,0.16139315815567676,0.0637332672285574,0.049370352007932494,0.07352503718393671,0.08797719385225569,0.13604858701041153,0.10274665344571145,0.16235994050570143,0.1826425384234011,0.30180466038671305,0.18101636093207707,0.1237431829449674,0.15758056519583527,0.06400594942984603,0.16246405552801219,0.12029251363410998
n648,0.0010758552305404074,0.0010659395141298987,0.0010361923648983268,0.18186911254338137,0.0637431829449679,0.07298958849776921,0.1485126425384237,0.14528507684680245,0.0,0.22613782845810607,0.1879771938522558,0.10556767476450166,0.08909271194843847,0.19039167079821523,0.18373326722855726,0.1432077342588002,0.1849876053544867,0.16017848289538922,0.06333168071393172,0.049023301933564634,0.07299950421417968,0.08726326227069892,0.13505701536936054,0.10207238472979671,0.1611750123946454,0.18230540406544374,0.3065146256817056,0.183847297967278,0.12548834903321732,0.15988101140307376,0.06479920674268691,0.16506197322756594,0.12208725830441244
n649,0.0011254338125929614,0.0010808130887456652,0.0010808130887456301,0.1850421417947448,0.06477937530986629,0.0742340109072883,0.15105602379771965,0.14771938522558278,0.0,0.2303024293505205,0.19236489836390674,0.10723351512146741,0.09063460585027285,0.19385225582548346,0.18692117005453646,0.14559246405552806,0.18822508676251842,0.1629647992067427,0.06431333663857229,0.04982151710461074,0.07425384234010923,0.08878036688150708,0.13733267228557264,0.10371343579573628,0.16405552801189874,0.1848140803173029,0.30661378284581076,0.18521566683192847,0.1277590480912243,0.1631234506693108,0.06601883986117968,0.16859692612791294,0.12489340604858697
n650,0.0011254338125929614,0.0010808130887456652,0.0010808130887456301,0.18538919186911262,0.06485870104115037,0.07439762022806173,0.15142290530490857,0.1479623202776403,0.0,0.23057015369360434,0.19533961328705993,0.10849281110560223,0.09083292017848307,0.19427367377293014,0.1872285572632623,0.14586018839861187,0.18854238968765472,0.16325235498264754,0.06442240951908794,0.04995042141794738,0.07442736737729316,0.08893406048587002,0.13754586018839865,0.10387208725830442,0.16437778879524031,0.18566683192860675,0.3129647992067426,0.18786316311353488,0.12955379276152665,0.16540902330193355,0.06686167575607307,0.17115518096182467,0.12679226574119976
n651,0.001125433812592963,0.0011006445215666861,0.0010758552305403758,0.18594447198810118,0.06507188894397635,0.07462568170550343,0.15184432325235525,0.14834903321765022,0.0,0.23112543381259293,0.19820525532969752,0.1096628656420425,0.09105602379771957,0.19476450173525042,0.18781854238968768,0.1463411006445216,0.18915220624690113,0.16370847793753102,0.06465047099652968,0.05012394645513131,0.07457610312345082,0.0891918691125433,0.13805156172533464,0.10418939018344077,0.1648140803173028,0.18670798215171036,0.3192563212692115,0.19021814576103122,0.13113039167079785,0.16765493306891424,0.06780862667327686,0.1735795736241945,0.12853247397124437
n652,0.0011105602379771983,0.0010758552305404109,0.0010560237977193512,0.1836936043629153,0.06431829449677752,0.07368368864650496,0.14994546355974248,0.14677739216658423,0.0,0.22837382250867622,0.19496281606346055,0.10796727813584517,0.08995537927615288,0.19254338125929604,0.1857164105106594,0.14461576598909273,0.18675260287555756,0.16174516608824988,0.06385225582548354,0.04946950917203761,0.07375309866137846,0.08819038175508169,0.1364204263758057,0.1029747149231532,0.16277144273673766,0.1840604858701041,0.301026276648488,0.18673277144273662,0.12906296479920637,0.16488844819038173,0.06658899355478402,0.17075855230540424,0.12643529995042135
n653,0.001090728805156174,0.0010808130887456687,0.0010609816559246055,0.18254338125929606,0.06402082300446219,0.07330689142290554,0.14910262766484902,0.1459742191373329,0.0,0.22655924640555275,0.20493306891422902,0.11155676747645009,0.08942984630639582,0.1912245909766981,0.18456618740704014,0.14383738225086762,0.18581556767476431,0.1609419930589985,0.0635547843331682,0.04921665840356959,0.07334159643034226,0.08765989092711934,0.13562716906296488,0.10247397124442238,0.16180961824491813,0.18484382746653438,0.30637084779375323,0.19378780366881515,0.13442736737729272,0.17259295984134854,0.06922657411997991,0.17891422905304918,0.1324789291026275
n654,0.00109568666336143,0.0010708973723351565,0.0010560237977193512,0.18385225582548348,0.06443728309370364,0.07379771938522582,0.15009915716410538,0.1467972235994053,0.0,0.22799206742687153,0.2074913237481408,0.11283589489340598,0.09004462072384746,0.192503718393654,0.18575111551809617,0.1446504709965295,0.18700049578582034,0.16179474467030244,0.06394645513138339,0.049548834903321695,0.07378284581060998,0.0882201289043132,0.13652949925632132,0.10304412493802675,0.1629449677739216,0.18630639563708465,0.30967773921665837,0.1961626177491325,0.13605850272682182,0.1747050074367873,0.07015865146256792,0.1812047595438771,0.134119980168567
n655,0.001090728805156174,0.0010758552305404109,0.0010411502231035812,0.181492315319782,0.0636440257808628,0.07289538919186936,0.14824987605354514,0.1450867625185922,0.0,0.22517104610808128,0.20645017352503717,0.11199801685671781,0.08898363906792285,0.1900446207238473,0.18336638572136837,0.14298958849776897,0.18463063956370834,0.15993058998512644,0.0632226078334161,0.048963807635101574,0.07292017848289556,0.08706990580069396,0.13482399603371356,0.10186911254338124,0.16087258304412486,0.18416460089241443,0.30328210213187917,0.19463063956370857,0.1352354982647494,0.17379771938522556,0.06962320277640033,0.18027764005949437,0.1334110064452155
n656,0.001065939514129897,0.0010659395141299022,0.0010262766484878181,0.18198314328210222,0.0637977193852257,0.07305899851264278,0.148577094695092,0.1454784333168074,0.0,0.22563708477937525,0.21007932573128416,0.11353495290034703,0.08916212196331204,0.1904809122459098,0.1838621715418939,0.14336142786316314,0.1851313832424391,0.16037183936539418,0.06337134357957376,0.049072880515617194,0.07309866137828475,0.08736241943480401,0.1351809618244919,0.10208725830441248,0.16130391670798208,0.1851115518096182,0.30450173525037205,0.19747645017352514,0.13717897868120957,0.17650470996529494,0.07067426871591447,0.18327714427367384,0.13564700049578565
n657,0.001070897372335153,0.0010808130887456687,0.0010510659395141005,0.18247892910262775,0.0639762022806149,0.07329697570649503,0.14895389191869138,0.14590480912245934,0.0,0.2260337134357957,0.21407040158651477,0.11504214179474462,0.0894199305899853,0.19098661378284582,0.1842984630639564,0.14366385721368374,0.1856470004957856,0.1607337630143778,0.06354982647496295,0.049231531978185354,0.0732821021318792,0.08757064947942475,0.13557759048091234,0.10236489836390678,0.16174020823004454,0.186157659890927,0.3057610312345068,0.2005057015369361,0.13937035200793244,0.17933068914229044,0.07168071393158135,0.1864352999504214,0.13785324739712432
n658,0.000976698066435301,0.0009766980664353065,0.0009717402082300204,0.16913237481408036,0.05921665840356975,0.0680614774417454,0.13845810609816564,0.13547347545860206,0.0,0.20838373822508685,0.2012196331184927,0.11006941001487346,0.08327218641546864,0.17707486365889966,0.17108081308874568,0.13348537431829458,0.17217154189390177,0.14922161626177505,0.059092711948438376,0.04580565195835392,0.06833415964303431,0.08137828458106086,0.12599900842835907,0.09523549826474953,0.15031234506693106,0.17644025780862685,0.287674764501735,0.19842835894893412,0.1327268220128901,0.1707635101636094,0.0683490332176497,0.17630143777887972,0.1303272186415468
n659,0.0009271194843827471,0.0008973723351512193,0.0009072880515616998,0.15701041150223094,0.0551016360932078,0.0630540406544374,0.12821021318790296,0.12541893901834406,0.0,0.18224590976698077,0.14938522558254838,0.10792265741199793,0.0771541893901835,0.16335647000495798,0.1587605354486862,0.12388696083292032,0.15995537927615266,0.13820525532969757,0.05476945959345571,0.042429350520575185,0.06306891422905289,0.07554784333168064,0.1167625185919682,0.08822508676251872,0.13896876549330694,0.22486365889935547,0.17143777887952413,0.1681209717402082,0.1144471988101138,0.13556767476450177,0.060718889439761725,0.13584531482399628,0.10179474467030235
n660,0.0008676251859196827,0.0008329201784829058,0.0008329201784828706,0.1470946950917204,0.051631135349529,0.0594000991571642,0.12034705007436806,0.11780862667327713,0.0,0.17118988596926155,0.15069905800694103,0.11055528011898849,0.07244918195339616,0.1531432821021319,0.14880515617253345,0.11605354486861696,0.149866137828458,0.12969261279127417,0.05145265245413988,0.039752107089737435,0.05945959345562699,0.07088249876053546,0.10962816063460583,0.0830044620723849,0.13054040654437274,0.20896380763510186,0.16711452652454137,0.17147744174516602,0.11645017352503687,0.13738720872583043,0.06181953396132841,0.13736737729300974,0.1029201784828953
n661,0.0008824987605354475,0.0008428358948934145,0.0008428358948933792,0.15593951412989582,0.055052057511155224,0.0632275656916214,0.12790778383738224,0.12502231036192352,0.0,0.18996529499256334,0.22011898859692636,0.11654437283093703,0.07700049578582059,0.1628755577590481,0.15754090233019336,0.12318790282597936,0.1585770946950918,0.1377342588001984,0.054749628160634695,0.042419434804164616,0.0631036192364898,0.07541398116013871,0.11618740704015855,0.08818046603867143,0.138775409023302,0.17052057511155205,0.2534605850272682,0.21780862667327697,0.14291026276648477,0.18594447198810088,0.07304908279623192,0.19210708973723364,0.14155676747645
n662,0.0008924144769459579,0.0008329201784829058,0.0008378780366881178,0.15568170550322255,0.05496281606346064,0.06317798710956886,0.12769955379276154,0.12487853247397109,0.0,0.18935547843331696,0.2270699058006942,0.11884977689638078,0.0768567178978682,0.1625086762518592,0.15725334655428852,0.12297471492315336,0.15826970748636596,0.1375161130391672,0.05465047099652958,0.042345066931085786,0.06304412493802673,0.07530490827962308,0.11607833415964294,0.08811105602379785,0.13855726326227072,0.17099157164105128,0.25151214675260286,0.22205255329697565,0.14653941497273162,0.19094199305899823,0.07473971244422398,0.19768468021814606,0.14585027268220133
n663,0.000872583044124937,0.000842835894893411,0.0008329201784828636,0.15469013386217145,0.05473971244422413,0.06284085275161151,0.1271393158155677,0.12422905304908265,0.0,0.18810114030738737,0.23594447198810117,0.1215121467526029,0.07654437283093711,0.16163609320773423,0.15634110064452153,0.12240951908775427,0.15736737729300948,0.13684184432325253,0.05443728309370361,0.042151710461080835,0.06274169558750615,0.0748587010411501,0.11553792761527013,0.08769955379276169,0.13780366881507186,0.17100644521566705,0.24815071888943976,0.22638572136836888,0.1507585523054039,0.19733267228557247,0.0770599900842835,0.20479424888448217,0.15091720376797235
n664,0.000872583044124937,0.000842835894893411,0.0008130887456618391,0.1513336638572137,0.05366385721368374,0.06139811601388216,0.12424392662369867,0.12171541893901827,0.0,0.18342588001983154,0.2240406544372833,0.1185027268220129,0.07485870104115025,0.15780366881507182,0.15289043133366387,0.1196479920674271,0.15396132870599896,0.1338175508180466,0.05316807139315823,0.041239464551313894,0.061378284581060906,0.07328210213187891,0.11317798710956861,0.08569657907783855,0.13481903817550817,0.16913733267228578,0.24043133366385708,0.227030242935052,0.14592464055527998,0.1901189885969258,0.07436291522062459,0.19595934556271713,0.14429350520575104
n665,0.0008527516113039127,0.000827962320277648,0.0008130887456618391,0.15260783341596423,0.054030738720872676,0.06197322756569179,0.12540902330193368,0.12271194843827456,0.0,0.18506197322756585,0.22806643529995052,0.11987605354486863,0.07550818046603873,0.15933564700049577,0.1541298958849777,0.12072880515617275,0.15520079325731287,0.13492315319781858,0.05367377293009427,0.041626177491323794,0.06193852255825477,0.07394645513138312,0.11412493802677234,0.08646008924144785,0.1359692612791274,0.1704164600892417,0.24261774913237466,0.22884977689638072,0.1479375309866136,0.19286068418443214,0.07541893901834401,0.19902330193356502,0.146717897868121
n666,0.0008824987605354475,0.0008428358948934145,0.0008329201784828636,0.15381259295984126,0.05444224095190884,0.06259295984134873,0.12639563708477944,0.12363906792265728,0.0,0.18658403569657922,0.23288547347545857,0.1215220624690134,0.07615270203272195,0.16078334159643032,0.1555032226078334,0.121665840356966,0.15643034209221623,0.1361427863163115,0.05411006445215675,0.041943480416460115,0.06245413981160134,0.07450669310857697,0.1149429846306395,0.08720376797223615,0.1370352007932573,0.17151710461080835,0.2447843331680713,0.2306693108577095,0.1502330193356468,0.19621715418939006,0.07668815071888936,0.20284581060981685,0.14937035200793267
n676,0.0008924144769459579,0.0008477937530986688,0.0008527516113038879,0.15561725334655424,0.055027268220128954,0.06316807139315836,0.12786316311353493,0.12498760535448673,0.0,0.18893901834407553,0.2565939514129896,0.127863163113535,0.07691125433812605,0.16228557263262267,0.15711452652454136,0.12293009419930603,0.15824491819533965,0.13753594447198822,0.054719881011403106,0.04239464551313834,0.06312345066931087,0.07541893901834394,0.11616757560733758,0.08817055032226091,0.1385671789786812,0.17251859196826994,0.24746653445711447,0.23404561229548837,0.1604164600892412,0.21130391670798207,0.0818344075359444,0.22089241447694588,0.16278135845314837
n777,0.0014328210213187976,0.0014229053049082607,0.0014328210213187765,0.23931085770946947,0.08708973723351511,0.09971740208230065,0.20572632622707,0.20253346554288548,0.0,0.22747645017352508,0.1284729796727812,0.0829499256321269,0.12237977193852252,0.27898363906792256,0.23956866633614277,0.19226078334159663,0.24011898859692618,0.22064947942488852,0.08657411998016858,0.06713435795736208,0.10015369360436303,0.11993058998512622,0.184134853743183,0.14077342588001993,0.22751611303916716,0.18288051561725335,0.17980664352999529,0.13488844819038182,0.09266732771442719,0.11320277640059491,0.04862171541893875,0.11500743678730789,0.0858304412493804
n778,0.001403073872087268,0.001393158155676731,0.0014129895884977556,0.2359246405552801,0.08645513138324241,0.09893406048587033,0.20433812592959852,0.2011353495290035,0.0,0.218289538919187,0.12339117501239451,0.07976202280614765,0.12147744174516603,0.28460089241447695,0.23575111551809616,0.19017352503718413,0.23597421913733274,0.2192959841348538,0.08590480912245908,0.06662369856222078,0.0993058998512644,0.11894893406048568,0.182523549826475,0.13952404561229556,0.22544868616757574,0.17560733763014402,0.17255329697570665,0.12958353991075866,0.08897372335151188,0.10877045116509673,0.0465195835399104,0.11062964799206743,0.08248388696083303
n779,0.0014328210213187976,0.0014080317302924907,0.00143282102131878,0.2384928111056024,0.08734754586018838,0.09997521070897401,0.2068666336142787,0.20334655428854737,0.0,0.21690629647992074,0.12272186415468504,0.07933564700049571,0.12280614774417445,0.29398611799702523,0.237922657411998,0.1924987605354489,0.2379672781358454,0.2221616261774914,0.08687654933068913,0.06738720872583011,0.10041150223103631,0.12032226078334139,0.1846901338621716,0.14124938026772443,0.22765493306891432,0.17458106098165618,0.17168071393158166,0.1288101140307388,0.08842835894893378,0.10819533961328713,0.04629152206246866,0.10997025285076847,0.08202776400594954
n780,0.0014229053049082871,0.0013981160138819854,0.0014278631631135222,0.2360039662865642,0.08786316311353491,0.10054536440257834,0.20773425880019836,0.20565195835399108,0.0,0.22193356470004963,0.12550322260783325,0.081011403073872,0.12354982647496275,0.27534952900347043,0.23624194348041644,0.1915617253346556,0.2367178978681211,0.22154685176003971,0.08729300941993055,0.06771442736737694,0.10105602379771952,0.12111056023797698,0.18477441745166095,0.14224590976698076,0.23305404065443736,0.17867129400099177,0.1754387704511653,0.13164105106593962,0.09041150223103596,0.11043133366385723,0.047283093703519755,0.112350024789291,0.08375805651958367
n781,0.0014328210213187976,0.0014129895884977485,0.00143282102131878,0.24001983143282102,0.0908725830441249,0.10428854734754617,0.21509172037679725,0.21393158155676753,0.0,0.22312345066931089,0.12605850272682184,0.08135349529003462,0.1278879524045612,0.28080813088745654,0.2398909271194844,0.19628656420426394,0.240173525037184,0.22825483391175005,0.0903520079325731,0.06989092711948405,0.1046603867129401,0.1252900347050074,0.19,0.14721864154685183,0.2445661874070402,0.1794546355974221,0.17625185919682718,0.13225086762518604,0.09088249876053525,0.11095190877540903,0.04751611303916679,0.11284085275161125,0.08410510659395155
n782,0.0014625681705503289,0.0014576103123450483,0.0014377788795240343,0.2421021318790283,0.09124938026772429,0.10459097669806673,0.2160783341596431,0.21419434804164605,0.0,0.21966782350024797,0.12413485374318274,0.08020823004462066,0.12843827466534455,0.29342092216162613,0.2414972731779871,0.19759543877045138,0.24142786316311354,0.23013882002974712,0.09065939514129892,0.07014873574615735,0.10505701536936052,0.12573624194348038,0.19127416955875062,0.14764501735250377,0.24338621715418937,0.1769608329201787,0.17367377293009434,0.1303321764997522,0.08951412989588474,0.10941497273177993,0.046866633614278286,0.11127912741695584,0.08300446207238488
